Time (seconds),strength
0.89,1005
0.99,998
1.10,1044
1.20,1018
1.30,1002
1.41,1009
1.51,1010
1.62,1005
1.72,1003
1.83,999
1.93,1001
2.03,998
2.14,1011
2.24,1004
2.34,996
2.45,1004
2.55,1005
2.66,1008
2.76,996
2.86,1000
2.97,997
3.07,1006
3.18,1020
3.28,1015
3.40,1009
3.51,1001
3.61,998
3.72,1004
3.82,1002
3.92,1001
4.03,1002
4.13,1008
4.24,997
4.34,1013
4.44,1008
4.55,1008
4.65,1008
4.76,997
4.86,996
4.96,993
5.07,1005
5.17,1004
5.28,1008
5.38,1006
5.48,1012
5.59,996
5.69,1004
5.80,1004
5.90,1006
6.00,1002
6.12,1001
6.23,1008
6.33,1006
6.44,998
6.54,1007
6.64,1005
6.75,1001
6.85,1002
6.96,1008
7.06,1007
7.16,999
7.27,1001
7.37,1009
7.48,1006
7.58,997
7.68,1003
7.79,1003
7.89,1005
8.00,1002
8.10,1003
8.20,1013
8.31,1008
8.41,1008
8.52,1007
8.62,1008
8.72,1010
8.85,1009
8.95,1012
9.06,1005
9.16,1008
9.26,1001
9.37,1007
9.47,999
9.58,1011
9.68,1006
9.78,1002
9.89,1008
9.99,1003
10.10,1013
10.20,1008
10.30,1004
10.41,1012
10.51,1000
10.62,1021
10.72,1005
10.82,1006
10.93,1003
11.03,1004
11.14,997
11.24,1005
11.34,1006
11.47,1069
11.57,960
11.68,1012
11.78,584
11.88,1092
11.99,1182
12.09,969
12.20,1017
12.30,995
12.40,959
12.51,1038
12.61,984
12.72,995
12.82,1033
12.92,1007
13.03,1059
13.13,973
13.24,1030
13.34,1103
13.44,1096
13.55,1250
13.65,929
13.76,984
13.86,998
1.17,1008
1.28,1100
1.38,1194
1.48,1061
1.63,1032
1.73,1077
1.84,1102
1.94,1007
2.04,1082
2.15,880
2.25,928
2.36,692
2.46,1071
2.56,1022
2.67,1192
2.77,1150
2.88,998
2.98,1001
3.08,1207
3.19,1046
3.29,893
3.40,1102
3.50,1046
3.60,1001
3.71,928
3.90,1041
4.02,987
4.12,1056
4.31,1041
4.42,969
4.52,1030
4.62,1013
4.73,1124
4.92,1107
5.02,1061
5.12,1007
5.23,1030
5.33,992
5.52,1055
5.62,977
5.73,805
5.83,1108
5.94,1132
6.12,992
6.23,1094
6.33,1063
6.44,1041
6.54,1017
6.73,1038
6.83,1057
6.94,1018
7.04,1001
7.14,978
7.38,777
7.57,989
7.67,903
7.78,1021
7.88,1204
7.98,984
8.17,966
8.28,1310
8.38,989
8.48,986
8.59,1008
8.78,1038
8.88,1012
8.98,978
9.09,1003
9.19,854
9.38,1049
9.48,1019
9.59,1023
9.69,1005
9.80,1010
10.03,970
10.13,1014
10.24,983
10.34,1022
10.44,1009
10.65,1060
10.83,1083
10.93,1069
11.04,902
11.14,960
11.24,963
11.43,1043
11.54,1013
11.64,1043
11.74,1084
11.85,1042
12.04,998
12.14,1076
12.24,988
12.35,999
12.45,1068
12.68,1057
12.78,1015
12.89,1051
12.99,621
13.10,1124
13.28,1026
13.39,1022
13.49,986
13.62,991
13.72,952
13.82,936
13.93,1269
14.03,1098
14.22,1084
14.32,935
14.43,943
14.53,827
14.64,1262
14.82,876
14.93,1076
15.03,1022
15.14,1046
15.24,1137
15.43,880
15.53,1072
15.64,1159
15.74,1526
15.84,873
16.03,940
16.14,991
16.24,1055
16.34,1013
16.47,923
16.57,1040
16.68,1058
16.78,1250
17.02,916
17.12,1346
17.22,1182
17.33,1449
17.43,872
17.62,1048
17.72,1002
17.83,1020
17.93,966
18.04,864
18.22,2056
18.33,939
18.43,942
18.54,1004
18.64,1090
18.83,1003
18.93,1000
19.04,1077
19.14,1149
19.24,983
19.45,841
19.62,964
19.73,1042
19.83,1007
19.94,1032
20.04,1010
20.30,1025
20.49,1065
20.60,922
20.70,912
20.80,1089
20.91,813
21.10,860
21.20,988
21.30,1109
21.41,1090
21.51,948
21.70,1158
21.80,878
21.91,992
22.01,1117
22.12,1029
22.38,1156
22.57,962
22.68,977
22.88,1021
22.98,1030
23.17,940
23.27,1201
23.38,1101
23.48,889
23.58,740
23.77,1174
23.88,1017
23.98,1423
24.09,1336
24.19,1148
24.46,1403
24.64,1076
24.75,747
24.85,954
24.96,818
25.06,816
25.25,1297
25.35,1055
25.46,820
25.56,1118
25.66,410
25.85,1812
25.98,1845
26.08,1066
26.27,835
26.37,885
26.48,955
26.58,1124
26.68,942
26.87,1047
26.98,989
27.08,1096
27.18,929
27.29,963
27.48,953
27.58,1178
27.68,1090
27.79,1110
27.89,1555
28.08,1101
28.18,915
28.29,1066
28.39,929
28.50,893
28.68,1067
28.79,1015
28.91,745
29.12,986
29.22,742
29.33,1348
29.43,1222
29.54,724
29.72,1087
29.83,964
29.93,1410
30.04,715
30.14,1226
30.33,848
30.43,733
30.54,1752
30.64,2068
30.74,1843
30.93,1966
31.04,1474
31.14,885
31.24,2324
31.35,1301
31.54,1005
31.64,2138
31.74,3533
31.87,3533
31.97,1465
32.08,1307
32.18,1082
32.28,959
32.47,2034
32.58,1412
32.68,1469
32.78,933
32.89,1232
33.06,970
33.17,1229
33.27,1156
33.38,1554
33.48,1163
33.67,1054
33.77,706
33.88,833
33.98,1843
34.08,1403
34.27,782
34.38,594
34.48,1288
34.58,943
34.81,1519
34.92,1235
35.12,708
35.22,1350
35.33,1471
35.43,882
35.54,672
35.72,1304
35.83,990
35.93,1477
36.04,1146
36.14,752
36.35,822
36.46,941
36.56,1286
36.66,974
36.77,882
36.96,957
37.06,1168
37.16,1141
37.27,1119
37.37,1211
37.56,1366
37.66,958
37.79,969
38.06,1182
38.24,1328
38.35,1249
38.45,647
38.56,971
38.66,1008
38.85,965
38.95,924
39.06,1214
39.16,1102
39.26,772
39.45,1353
39.56,873
39.66,945
39.76,1135
39.87,1087
40.06,945
40.16,1184
40.26,939
40.37,1049
40.47,1083
40.66,1230
40.77,1102
40.88,956
40.99,958
41.09,1112
41.20,998
41.38,979
41.49,957
41.59,977
41.70,963
41.80,944
41.99,741
42.09,798
42.20,995
42.30,1227
42.40,1415
42.59,1783
42.70,841
42.80,1233
42.90,1387
43.01,931
43.20,866
43.30,1024
43.40,1143
43.51,1061
43.61,1172
43.80,767
43.92,1131
44.03,901
44.22,1104
44.32,1056
44.42,954
44.53,1023
44.63,954
44.82,722
44.92,1099
45.03,1024
45.13,1051
45.24,993
45.49,1266
45.68,945
45.78,840
45.88,871
45.99,1204
46.09,1106
46.28,1088
46.38,1016
46.49,1305
46.59,979
46.70,584
46.88,951
47.01,1432
47.11,1487
47.36,1123
47.46,1155
47.56,898
47.67,931
47.77,1192
47.97,1156
48.08,1173
48.18,1026
48.28,1130
48.39,1257
48.58,841
48.68,814
48.78,1241
48.89,1784
48.99,912
49.18,1123
49.28,971
49.39,1095
49.49,1040
49.60,1175
49.78,1092
49.89,1033
50.01,1696
50.20,1223
50.30,1192
50.41,1090
50.51,717
50.62,823
50.80,1112
50.91,951
51.01,755
51.12,632
51.22,1358
51.41,859
51.51,1006
51.62,818
51.72,1000
51.82,668
52.01,1628
52.12,891
52.22,441
52.32,989
52.43,1469
52.62,873
52.72,891
52.82,892
52.93,1170
53.05,1027
53.16,1084
53.26,1046
53.36,1019
53.55,1024
53.66,1255
53.76,1553
53.86,895
53.97,577
54.16,1199
54.26,1454
54.36,870
54.47,830
54.57,758
54.79,1613
54.89,1731
55.00,959
55.10,766
55.20,1001
55.39,1299
55.50,1534
55.60,1141
55.70,656
55.81,556
56.06,1557
56.25,1075
56.36,795
56.46,608
56.56,966
56.67,1650
56.86,768
56.96,1020
57.07,375
57.17,554
57.27,1265
57.46,1925
57.56,1358
57.67,1285
57.77,1320
57.88,1323
58.06,182
58.17,802
58.27,1392
58.38,1136
58.48,843
58.67,1362
58.77,1220
58.88,1342
59.00,768
59.10,752
59.21,1558
59.31,1342
59.42,935
59.60,824
59.71,657
59.81,1050
59.92,1468
60.02,1439
60.21,625
60.31,408
60.42,325
60.52,2212
60.62,2188
60.86,654
60.97,1101
61.07,1052
61.18,1121
61.28,977
61.47,1545
61.57,1098
61.68,931
61.78,1104
61.90,1165
62.01,980
62.11,901
62.22,957
62.40,2469
62.51,2461
62.61,1473
62.72,898
62.82,1488
63.01,1648
63.11,1726
63.22,2606
63.32,1822
63.42,1067
63.61,1728
63.72,558
63.82,1005
63.92,1142
64.03,1571
64.22,1144
64.32,1166
64.42,1279
64.53,1416
64.63,1000
64.84,1321
65.03,1027
65.13,993
65.24,984
65.34,1013
65.44,995
65.63,1008
65.74,996
65.84,1136
65.94,1013
66.05,1008
66.24,867
66.34,863
66.44,1509
66.55,1373
66.65,1422
66.84,1032
66.94,1016
67.05,1141
67.15,1148
67.26,1148
67.44,451
67.55,1854
67.65,1642
67.78,1415
67.88,1391
67.98,1491
68.09,1191
68.19,1163
68.36,1072
68.46,1138
68.56,1449
68.67,1282
68.77,1199
68.96,666
69.06,502
69.17,798
69.27,792
69.38,393
69.56,1830
69.67,2544
69.77,1037
69.88,942
69.98,1135
70.17,1381
70.27,1064
70.38,963
70.48,552
70.60,726
70.71,1218
70.81,1498
70.92,1078
71.10,949
71.21,1213
71.31,997
71.42,1428
71.52,1239
71.71,1019
71.81,768
71.92,720
72.02,1968
72.12,1357
72.31,668
72.42,429
72.52,523
72.62,1531
72.73,1381
72.92,1341
73.02,1013
73.12,1709
73.23,980
73.33,1019
73.54,1000
73.71,1020
73.82,1171
73.92,1341
74.02,1163
74.13,843
74.32,1517
74.42,1551
74.52,1059
74.63,1025
74.73,308
74.92,1964
75.02,1012
75.13,774
75.23,1602
75.34,1407
75.52,1105
75.63,1150
75.73,1009
75.84,1258
75.94,1222
76.13,803
76.23,1041
76.34,1107
76.46,925
76.56,1176
76.67,996
76.77,1083
76.88,1002
77.14,1144
77.33,1087
77.43,1336
77.54,1045
77.64,956
77.74,1268
77.93,1222
78.04,1089
78.14,982
78.24,1010
78.35,868
78.58,1323
78.68,1392
78.78,969
78.89,838
78.99,1054
79.18,1418
79.28,976
79.39,1255
79.51,921
79.62,770
79.72,1222
79.82,1037
79.93,1251
80.16,893
80.26,1159
80.36,1528
80.47,894
80.57,1341
80.79,1049
80.90,1171
81.00,862
81.10,1141
81.21,988
81.40,1320
81.50,1311
81.60,1250
81.71,1147
81.81,1385
82.00,828
82.10,1014
82.21,1263
82.43,910
82.54,974
82.73,1408
82.84,1340
82.94,1348
83.04,1383
83.15,1123
83.34,789
83.44,1173
83.54,1577
83.65,1416
83.75,1091
83.94,1357
84.04,1491
84.15,1622
84.25,1970
84.36,1753
84.54,356
84.65,741
84.75,831
84.86,918
84.96,954
85.20,1235
85.39,961
85.50,927
85.62,617
85.81,1228
85.91,2365
86.02,3010
86.12,1043
86.22,1247
86.46,1489
86.56,1195
86.66,887
86.77,759
86.87,921
87.09,1324
87.20,931
87.30,990
87.40,1023
87.51,1446
87.73,1172
87.83,1056
87.94,868
88.04,890
88.14,1349
88.33,1083
88.44,753
88.54,936
88.66,1069
88.77,1293
88.87,1184
88.98,1275
89.08,1183
89.27,1068
89.37,1266
89.48,996
89.58,978
89.68,1122
89.87,1480
89.98,1131
90.08,1387
90.18,1191
90.29,1253
90.48,726
90.58,944
90.68,1223
90.79,1499
90.89,1045
91.08,1076
91.18,1345
91.29,1363
91.40,1280
91.60,871
91.70,650
91.89,1614
91.99,1836
92.10,1147
92.20,986
92.30,913
92.49,1217
92.60,1242
92.70,1175
92.80,890
92.91,764
93.10,1111
93.20,1606
93.30,1115
93.41,928
93.51,988
93.70,1394
93.80,1128
93.91,1119
94.01,760
94.12,744
94.30,1379
94.41,1137
94.53,1114
94.72,857
94.82,1308
94.93,1158
95.03,1108
95.14,1324
95.32,802
95.43,1085
95.53,993
95.64,1109
95.74,1159
95.98,1064
96.08,1381
96.18,1075
96.29,1421
96.39,1170
96.58,727
96.68,1173
96.79,1371
96.89,1464
97.00,893
97.18,1125
97.29,1510
97.41,1399
97.60,1179
97.70,611
97.81,800
97.91,939
98.02,2268
98.20,1071
98.31,1318
98.41,1414
98.52,1328
98.62,1067
98.81,1128
98.91,1341
99.02,1141
99.12,1105
99.22,1122
99.41,1318
99.52,1907
99.62,1816
99.72,1860
99.83,1042
100.02,2762
100.12,1072
100.22,517
100.35,1373
100.45,1114
100.56,1549
100.66,1511
100.76,1588
100.95,1136
101.06,1687
101.16,432
101.26,1131
101.37,1186
101.56,1371
101.66,1064
101.76,852
101.87,1128
101.97,995
102.16,1258
102.26,718
102.37,920
102.47,3131
102.58,2158
102.76,1468
102.86,1624
102.99,1607
103.18,935
103.28,289
103.38,935
103.49,1321
103.59,1003
103.83,1247
103.93,2078
104.04,3204
104.14,645
104.24,1061
104.43,1110
104.54,1235
104.64,1009
104.74,1016
104.85,1079
105.04,1239
105.14,1233
105.24,662
105.35,553
105.45,470
105.65,998
105.76,2872
105.86,1828
105.97,1940
106.07,1571
106.18,780
106.36,801
106.47,1829
106.57,2069
106.68,1238
106.78,579
106.97,2124
107.07,1973
107.18,1123
107.28,1059
107.38,1779
107.57,1375
107.68,998
107.78,841
107.88,1072
107.99,1385
108.18,1662
108.30,1277
108.40,769
108.59,1300
108.70,1835
108.80,1390
108.90,823
109.01,662
109.20,1509
109.30,1758
109.40,876
109.51,1191
109.61,1743
109.82,1298
109.92,1151
110.02,1006
110.13,782
110.23,1059
110.39,1931
110.49,1337
110.60,1128
110.70,1180
110.80,1546
111.01,1593
111.20,957
111.30,960
111.41,1544
111.51,1981
111.62,1632
111.80,1046
111.91,1140
112.01,1275
112.12,710
112.22,2271
112.44,561
112.54,604
112.65,2279
112.75,2535
112.86,1276
113.10,1215
113.28,1409
113.39,1069
113.49,1176
113.60,1318
113.70,1273
113.91,1036
114.10,963
114.20,1010
114.30,1095
114.41,1045
114.51,910
114.72,1446
114.82,1504
114.92,1074
115.03,979
115.13,500
115.32,2369
115.42,1541
115.53,1534
115.63,1631
115.74,1007
115.92,1076
116.03,892
116.13,1098
116.24,1367
116.34,1226
116.56,580
116.68,384
116.79,1557
116.98,1872
117.08,1156
117.18,972
117.29,963
117.39,1042
117.58,1172
117.68,1206
117.79,956
117.89,637
118.00,671
118.18,1573
118.29,1277
118.39,796
118.50,763
118.60,1010
118.77,1025
118.88,979
118.98,1468
119.08,985
119.19,720
119.40,1104
119.58,1213
119.69,928
119.79,994
119.90,858
120.00,1227
120.19,1121
120.29,1193
120.40,992
120.50,771
120.60,1178
120.79,1262
120.90,1046
121.00,915
121.10,848
121.21,1057
121.40,1269
121.50,1067
121.60,886
121.71,735
121.81,1028
122.00,1371
122.12,1083
122.23,850
122.46,1508
122.57,979
122.67,1018
122.78,1175
122.88,945
123.07,1171
123.17,948
123.28,921
123.38,757
123.48,1139
123.67,1533
123.78,987
123.88,1137
123.98,872
124.09,805
124.28,1258
124.38,1293
124.49,1075
124.59,737
124.69,1029
124.90,1361
125.13,1213
125.23,987
125.34,834
125.44,940
125.54,1235
125.70,1178
125.80,853
125.91,1054
126.01,1589
126.12,1053
126.30,1110
126.41,883
126.51,883
126.62,1097
126.72,1236
126.91,983
127.01,943
127.12,1152
127.22,1454
127.32,1052
127.59,839
128.04,1047
128.14,850
128.25,1018
128.44,1291
128.54,973
128.64,1189
128.75,1026
128.85,789
129.04,1453
129.14,1623
129.25,938
129.35,762
129.46,1017
129.64,1043
129.75,1185
129.85,919
129.96,1222
130.06,1019
130.25,782
130.35,1025
130.46,1821
130.56,1050
130.68,1280
130.79,1491
130.89,1397
131.00,1052
131.10,809
131.20,853
131.42,2000
131.52,900
131.63,910
131.73,1410
131.84,1012
132.02,806
132.13,1104
132.23,1219
132.34,1113
132.44,914
132.63,1016
132.73,892
132.84,989
132.94,1074
133.04,1034
133.23,1080
133.36,1100
133.46,1005
133.65,1150
133.75,1732
133.86,1261
133.96,463
134.06,406
134.27,1366
134.37,963
134.48,946
134.58,701
134.68,460
134.86,2121
134.96,2976
135.07,1061
135.17,1288
135.28,1548
135.46,1295
135.57,949
135.67,726
135.78,1107
135.88,1472
136.09,1149
136.28,985
136.38,1098
136.48,1434
136.59,1256
136.69,1143
136.88,1180
136.98,672
137.09,851
137.19,1264
137.30,1464
137.48,1086
137.59,1075
137.69,972
137.80,902
137.90,959
138.12,1238
138.22,1042
138.33,1045
138.43,991
138.54,1003
138.72,1042
138.85,1019
138.95,1007
139.14,1019
139.24,1004
139.35,1014
139.45,1000
139.56,1017
139.74,1019
139.85,1007
139.95,986
140.06,1035
140.16,969
140.35,1009
140.45,947
140.56,1028
140.66,988
140.76,1001
140.95,1015
141.06,1025
141.16,1023
141.26,1010
141.37,1013
141.58,1012
141.76,1024
141.87,989
141.97,1059
142.08,983
142.18,1015
142.34,964
142.44,994
142.55,1025
142.65,939
142.76,993
142.94,1051
143.05,982
143.15,1030
143.26,1003
143.36,1006
143.55,1012
143.65,1017
143.76,1007
143.86,1016
143.96,1017
144.15,1004
144.28,1002
144.38,1007
144.58,1003
144.68,1000
144.78,1005
144.89,1005
144.99,1015
145.18,1008
145.28,1011
145.39,1003
145.49,1015
145.60,1007
145.78,1002
145.89,1009
145.99,1012
146.10,1002
146.20,1005
146.39,1057
146.49,1062
146.60,929
146.70,1025
146.82,997
146.93,1028
147.03,1025
147.14,830
147.32,1011
147.43,1008
147.53,1006
147.64,1036
147.74,1029
147.93,968
148.03,992
148.14,1048
148.24,1000
148.34,982
148.53,994
148.64,1010
148.74,1018
148.84,1082
148.95,1046
149.10,981
149.21,1033
149.31,1743
149.44,995
149.54,669
149.64,704
149.75,1131
149.85,1135
150.04,859
150.14,1196
150.25,1148
150.35,1194
150.46,1065
150.64,703
150.75,969
150.85,1910
150.96,1162
151.06,993
151.25,1015
151.35,1223
151.46,1006
151.56,934
151.66,1060
151.85,985
151.96,934
152.08,1118
152.27,807
152.37,936
152.48,1016
152.58,1001
152.68,1421
152.87,888
152.98,1076
153.08,1062
153.18,1116
153.29,1001
153.48,998
153.58,1042
153.68,1000
153.79,1065
153.89,1142
154.08,1051
154.18,1070
154.29,1354
154.39,1084
154.50,852
154.68,952
154.81,1180
154.91,1004
155.10,1112
155.20,1065
155.31,1165
155.41,1065
155.52,884
155.70,829
155.81,861
155.91,994
156.02,949
156.12,917
156.31,1165
156.41,983
156.52,1022
156.62,1143
156.72,1783
156.91,1136
157.02,1150
157.12,806
157.22,683
157.33,989
157.54,994
157.72,1032
157.83,832
157.93,955
158.04,975
158.14,990
158.33,1044
158.43,1054
158.54,1035
158.64,784
158.74,672
158.93,1344
159.04,1253
159.14,1001
159.24,1101
159.35,1054
159.54,995
159.64,961
159.74,1026
159.85,1034
159.95,1040
160.18,1022
160.30,978
160.40,993
160.58,997
160.69,1005
160.79,996
160.90,997
161.00,1003
161.19,985
161.29,753
161.40,1026
161.50,1010
161.60,1006
161.79,989
161.90,1018
162.00,1028
162.10,1061
162.21,1007
162.37,924
162.47,999
162.58,1027
162.68,1008
162.78,1023
162.99,1909
163.17,995
163.27,1002
163.38,893
163.48,998
163.58,974
163.77,957
163.88,986
163.98,1000
164.08,1152
164.19,1002
164.38,1143
164.48,1024
164.58,978
164.69,991
164.79,993
164.98,1012
165.08,994
165.19,1103
165.29,2061
165.40,2184
165.58,95
165.69,1698
165.81,415
166.00,1479
166.10,1887
166.21,1280
166.31,939
166.42,1014
166.60,982
166.71,1070
166.81,1058
166.92,1022
167.02,996
167.21,950
167.31,967
167.42,1216
167.52,1087
167.62,1018
167.82,1005
167.93,1057
168.03,1058
168.14,896
168.24,1115
168.43,951
168.55,1020
168.66,1025
168.84,1047
168.95,1013
169.05,1047
169.16,968
169.26,1073
169.45,994
169.55,999
169.66,992
169.76,956
169.86,1061
170.05,1072
170.16,1025
170.26,1090
170.36,1109
170.47,921
170.66,1135
170.76,1115
170.86,893
170.97,1227
171.07,988
171.54,945
171.65,1041
171.84,1056
171.94,1214
172.04,1085
172.15,1366
172.25,1174
172.44,819
172.54,885
172.65,1095
172.75,1027
172.86,1082
173.04,904
173.15,920
173.25,909
173.36,1219
173.46,1048
173.69,947
173.79,945
173.90,1021
174.00,1075
174.10,1230
174.31,822
174.50,1165
174.60,903
174.71,1081
174.81,817
174.92,995
175.10,816
175.21,1054
175.31,1051
175.42,1158
175.52,1396
175.71,977
175.81,939
175.92,611
176.02,1624
176.12,699
176.35,1955
176.46,1153
176.56,966
176.66,896
176.77,1114
176.94,1222
177.07,895
177.17,807
177.36,1109
177.46,923
177.57,1095
177.67,1206
177.78,1008
177.96,989
178.07,1235
178.17,999
178.28,973
178.38,934
178.57,988
178.67,834
178.78,1197
178.88,1343
178.98,895
179.20,1055
179.30,884
179.41,1082
179.51,955
179.62,1080
179.82,1093
180.01,1440
180.12,1036
180.22,587
180.32,927
180.43,1091
180.62,1097
180.72,686
180.82,697
180.93,1695
181.03,1547
181.22,1176
181.32,1119
181.43,1203
181.53,850
181.64,1148
181.82,894
181.93,1054
182.03,1005
182.14,986
182.24,988
182.48,982
182.60,1002
182.71,1042
182.95,1065
183.06,1087
183.16,989
183.26,995
183.37,901
183.56,1028
183.66,1048
183.76,1091
183.87,1155
183.97,1370
184.14,1729
184.24,1116
184.35,540
184.45,778
184.56,1125
184.74,2360
184.85,1987
184.95,965
185.06,1160
185.16,2165
185.40,1081
185.58,2052
185.69,1177
185.79,873
185.90,551
186.00,1719
186.19,996
186.30,909
186.40,955
186.50,979
186.61,981
186.76,998
186.87,968
186.97,1153
187.08,1354
187.18,1249
187.37,1096
187.47,1568
187.58,1505
187.68,1053
187.78,2368
188.00,1575
188.12,1290
188.22,990
188.41,1236
188.52,1694
188.62,837
188.72,837
188.83,935
189.02,1122
189.12,1153
189.22,914
189.33,1884
189.43,987
189.62,1017
189.72,1087
189.83,1414
189.93,991
190.04,812
190.22,1442
190.33,940
190.43,730
190.54,1304
190.64,1175
190.84,1249
190.95,1528
191.05,696
191.16,869
191.26,1199
191.36,657
191.56,916
191.67,896
191.77,1013
191.88,1089
191.98,936
192.17,1109
192.27,989
192.38,1079
192.48,1073
192.58,1003
192.77,999
192.88,987
192.98,1010
193.08,992
193.19,1006
193.38,1011
193.48,987
193.60,982
193.79,1000
193.90,1015
194.00,1000
194.10,1168
194.21,1052
194.40,1017
194.50,1020
194.60,1006
194.71,1022
194.81,1016
195.00,994
195.10,1015
195.21,1005
195.31,1033
195.42,1005
195.64,1007
195.75,973
195.85,1180
195.96,1013
196.06,1022
196.24,981
196.43,1057
196.53,1028
196.64,987
196.74,1032
196.84,997
197.03,1020
197.14,984
197.24,1025
197.34,970
197.45,959
197.64,1024
197.74,985
197.84,982
197.95,1046
198.05,1052
198.24,1003
198.34,1031
198.45,1138
198.55,1003
198.66,979
198.84,1017
198.96,1007
199.07,963
199.26,875
199.36,1051
199.46,1045
199.57,815
199.67,1061
199.86,977
199.96,990
200.07,1002
200.17,917
200.28,922
200.46,919
200.56,1087
200.67,963
200.77,1021
200.88,968
201.06,1246
201.17,1200
201.27,769
201.38,891
201.48,777
201.69,1969
201.82,1303
201.92,1112
202.11,602
202.21,704
202.32,1048
202.42,1068
202.52,929
202.71,922
202.82,1019
202.92,1324
203.02,1016
203.13,964
203.32,1029
203.42,997
203.52,1061
203.63,1413
203.73,977
203.97,1096
204.07,948
204.18,1162
204.28,922
204.38,1009
204.56,710
204.79,1184
204.89,827
205.00,1566
205.10,1691
205.20,985
205.39,973
205.50,1225
205.60,1028
205.70,1142
205.81,1081
206.00,1051
206.10,1944
206.20,984
206.31,1345
206.41,675
206.60,1012
206.70,1379
206.81,928
206.91,899
207.02,1066
207.20,836
207.33,1500
207.43,1626
207.62,903
207.72,1484
207.83,1215
207.93,731
208.04,1179
208.22,1095
208.33,1272
208.43,980
208.54,661
208.64,985
208.74,780
208.85,1053
208.95,926
209.06,888
209.16,823
209.26,963
209.37,1757
209.47,889
209.58,1061
209.68,1007
209.80,898
209.91,1064
210.01,793
210.12,1168
210.22,1008
210.32,1040
210.43,1002
210.53,1004
210.64,1008
210.74,1015
210.84,984
210.95,1020
211.05,1009
211.16,1028
211.26,993
211.36,1009
211.47,842
211.57,999
211.68,1014
211.78,1005
211.88,977
211.99,1006
212.11,1007
212.22,988
212.32,1005
212.42,1009
212.53,1003
212.63,1033
212.74,1008
212.84,1002
212.94,1013
213.05,1011
213.15,1011
213.26,1006
213.36,1005
213.46,1014
213.57,1007
213.67,1010
213.78,1014
213.88,1007
213.98,1008
214.09,1007
214.19,1007
214.30,1011
214.52,1007
214.63,1006
214.73,1008
214.84,1024
214.94,998
215.04,1006
215.15,1010
215.25,1012
215.36,1007
215.46,1010
215.56,1006
215.67,1001
215.77,1003
215.88,1009
215.98,1004
216.08,1015
216.19,1007
216.29,1002
216.40,1002
216.50,1006
216.60,1006
216.73,1002
216.83,1015
216.94,1006
217.04,1001
217.14,1010
217.25,1010
217.35,1006
217.46,1005
217.56,1005
217.66,1006
217.77,1001
217.87,1005
217.98,1006
218.08,1005
218.18,1000
218.29,1006
218.39,1009
218.50,1005
218.60,1005
218.70,1005
218.81,1001
218.93,1005
219.04,1010
219.14,998
219.24,1003
219.35,1010
219.45,1001
219.56,1010
219.66,1010
219.76,1010
219.87,997
219.97,1013
220.08,1000
220.18,1001
220.28,1005
220.39,1000
220.49,1001
220.60,1001
220.70,1008
220.80,1005
220.91,1005
221.01,1008
221.12,1006
221.24,1007
221.34,1005
221.45,997
221.55,1010
221.66,1008
221.76,1005
221.86,1007
221.97,1012
222.07,1005
222.18,1012
222.28,1004
222.38,1003
222.49,1005
222.59,1004
222.70,1004
222.80,1003
222.90,1005
223.01,1008
223.11,1005
223.22,1008
223.32,1000
223.44,1003
223.55,1008
223.65,1008
223.76,1000
223.86,1011
223.96,1005
224.07,1004
224.17,1009
224.28,1008
224.38,1012
224.48,1017
224.59,1012
224.69,1007
224.80,1007
224.90,1012
225.00,1003
225.11,1001
225.21,1002
225.32,1012
225.42,1003
225.52,1012
225.63,1005
225.75,1003
225.86,1008
225.96,1008
226.06,997
226.17,1007
226.27,1008
226.38,1003
226.48,1004
226.59,1008
226.69,1017
226.79,995
226.90,1008
227.00,1003
227.10,1012
227.21,1003
227.31,999
227.42,999
227.52,1088
227.62,1017
227.73,983
227.83,1005
227.96,1023
228.06,992
228.16,1098
228.27,1024
228.37,1027
228.48,927
228.58,976
228.68,1024
228.79,966
228.89,1086
229.00,979
229.10,963
229.20,885
229.31,1007
229.41,1011
229.52,991
229.62,988
229.72,881
229.83,974
229.93,1046
230.04,1014
230.14,910
230.24,899
230.37,976
230.47,989
230.58,1034
230.68,1039
230.78,995
230.89,1009
230.99,957
231.10,1228
231.20,998
231.30,1050
231.41,1065
231.51,1184
231.62,994
231.72,979
231.82,998
231.93,1005
232.03,994
232.14,1005
232.24,1006
232.34,1007
232.45,1011
232.55,998
232.68,1007
232.78,1007
232.88,1011
232.99,1001
233.09,1005
233.20,1007
233.30,1005
233.40,999
233.51,1010
233.61,1002
233.72,1013
233.82,1014
233.92,1006
234.03,1015
234.13,1002
234.24,1007
234.34,1002
234.44,1017
234.55,998
234.65,1006
234.76,1002
234.88,1007
234.98,999
235.09,1011
235.19,1011
235.30,1010
235.40,1011
235.50,1005
235.61,1007
235.71,1002
235.82,1015
235.92,1002
236.02,997
236.13,1010
236.23,1003
236.34,1005
236.44,1002
236.54,1009
236.65,1013
236.75,1010
236.86,1013
236.96,1002
237.06,1015
237.19,1009
237.29,1006
237.40,1015
237.50,1006
237.60,1013
237.71,1009
237.81,1006
237.92,1002
238.02,998
238.12,1019
238.23,1006
238.33,1001
238.44,1071
238.54,1009
238.64,1001
238.75,1001
238.85,1002
238.96,1006
239.06,1015
239.16,1009
239.27,985
239.39,1013
239.50,1006
239.60,1006
239.70,1009
239.81,1006
239.91,1009
240.02,1010
240.12,1002
240.22,997
240.33,1038
240.43,1005
240.54,997
240.64,993
240.74,1010
240.85,1010
240.95,1015
241.06,1007
241.16,1017
241.26,994
241.37,1009
241.47,986
241.58,1026
241.70,1001
241.80,993
241.91,1017
242.01,1018
242.12,998
242.22,1001
242.33,998
242.43,1010
242.53,1006
242.64,997
242.74,1006
242.84,1006
242.95,1005
243.05,1007
243.16,1010
243.26,1011
243.36,998
243.47,1005
243.57,1010
243.68,1005
243.78,995
243.88,1002
244.01,1006
244.11,1006
244.22,1014
244.32,1006
244.42,1006
244.53,1017
244.63,1007
244.74,1006
244.84,1005
